sum(total_margin),size_class
39781213.63000216,SMALL
61721022.32000126,LARGE